,top words,ID,Text
0,, , 
1,['amen'],143,amen
2,"['let', 'take', 'thread', 'thats', 'exactly', 'im', 'headed', 'getting', 'screen', 'shots', 'video', 'reddit', 'thread', 'since', 'beginning']",170,let them take down my thread and thats exactly where im headed with it i have been getting screen shots and video of the reddit thread since the beginning 
3,"['dude', 'chill', 'tyridge', 'making', 'valid', 'point', 'cant', 'start', 'saying', 'someones', 'toxic', 'spreading', 'cancer', 'agree', 'tyridge', 'saying', 'although', 'unethical', 'illegal', 'break', 'tos']",205,dude chill tyridge is making a valid point you cant just start saying someones toxic or spreading cancer because you don't agree what tyridge is saying is although it is unethical it is not illegal and does not break the tos 
4,"['soo', 'dumb']",231,that is soo dumb
5,[],250, 
6,"['right', 'dying', 'laughing', 'hard', 'xd']",254,right i'm dying laughing so hard xd
7,"['thats', 'saying', 'love', 'god', 'anyone', 'bother', 'reading', 'couple', 'sentences', 'anymore']",273,thats what i have been saying for the love of god does anyone bother reading more then a couple sentences anymore 
8,[],291,no they aren‚Äôt all are the same
9,"['yeah', 'hop', 'nl', 'nl', 'see', 'im', 'talking', 'joke']",351,yeah hop on both nl and nl and you'll see what im talking about it's a joke 
10,"['okay', 'appologize', 'offended', 'kinds', 'games', 'bore', 'death']",357,okay i appologize if i offended you those kinds of games just bore me to death
11,"['perspective', 'saying', 'wrong', 'saying', 'court', 'law', 'difficult', 'place', 'prove', 'things', 'world', 'law', 'good', 'guys', 'win', 'bad', 'guys', 'lose', 'rather', 'present', 'point', 'best', 'back', 'lawyer', 'testimonies', 'alone', 'enough', 'justify', 'large', 'matter', 'large', 'platform', 'end', 'day', 'court', 'decides', 'fate', 'court', 'evidence', 'citations', 'law', 'articles', 'proceed', 'wish', 'good', 'luck']",379,that's your perspective and while i am not saying that it is wrong i am saying that the court of law is a difficult place to prove such things the world is law isn't good guys win and bad guys lose but rather about who can present their point the best and who can back it up while not being a lawyer myself testimonies alone will not be enough to justify such a large matter against such a large platform at the end of the day the court decides your fate and the court is won over by evidence citations law articles e t c if you do proceed with this i wish you good luck 
12,['cry'],396,cry about it
13,[],419,
14,"['per', 'crosstrading', 'ratio', 'reddit', 'discord', 'discord', 'pretty', 'high', 'scams']",425,as per crosstrading ratio between reddit itself and discord discord is pretty high on scams
15,[],446,you do
16,"['bot', 'bleep', 'bloop', 'someone', 'linked', 'thread', 'another', 'place', 'reddit', 'robloxcriticism', 'parent', 'complains', 'children', 'hacked', 'follow', 'links', 'please', 'respect', 'rules', 'reddit', 'vote', 'threads', 'info', 'totesmessenger', 'contact', 'message', 'compose', 'totesmessenger']",458,i'm a bot *bleep* *bloop* someone has linked to this thread from another place on reddit [ r robloxcriticism] [parent complains about children being hacked ] if you follow any of the above links please respect the rules of reddit and don't vote in the other threads ^\ [info] r totesmessenger ^ ^[contact] message compose to= r totesmessenger *
17,['er'],464,‚Äúi‚Äôm a ‚Äôer‚Äù
18,[],496,what no it was a
19,"['thats', 'bit', 'dramatic']",498,thats a bit dramatic
20,[],526,how 
21,"['prob', 'bob']",527,no prob bob 
22,"['laughs', 'pet', 'sim', 'nfts']",554,**laughs in pet sim x nfts**
23,['ok'],614,ok
24,"['post', 'copypasta']",641,you should post this on r copypasta
25,['robloxmoment'],670,r robloxmoment
26,['yeah'],716,yeah 
27,['yes'],737,yes
28,['yes'],745,yes
29,['yeah'],746,yeah
30,['exactly'],755, exactly
31,[],758,k
32,['vagina'],761,r vagina
33,['okay'],772,okay 
34,[],792,what
35,[],796,no
36,"['thats', 'illegal']",802,but thats illegal
37,"['cash', 'grab']",813,its a cash grab
38,"['commenter', 'joking']",818,the commenter was joking
39,"['hows', 'different', 'sim']",825,hows that different to any other sim
40,[],843,why
41,"['im', 'addicerted', 'like']",849,im not addicerted to it but i like it
42,"['cope', 'seethe', 'shiver']",855,cope seethe and shiver
43,[],856, 
44,[],866,not for me
45,['right'],899,right
46,['yep'],901,yep
47,"['please', 'tell', 'ur', 'joking']",934,please tell me ur joking
48,['hm'],937,hm 
49,[],953,y not
50,"['malding', 'cause', 'balding']",955,malding cause balding
51,"['username', 'need', 'joke']",968,his username need to be a joke too 
52,"['js', 'shut', 'fuck']",980,js shut the fuck up
53,"['ya', 'know', 'noticed', 'lol', 'guy', 'deserve', 'upvotes']",987,ya i just know noticed it lol that guy doesn't deserve upvotes
54,['yes'],993,yes
55,['xd'],995,xd
56,"['tjat', 'weird']",1017,tjat is just weird
57,"['recent', 'reply', 'reddit', 'displaying']",1035,this is to your most recent reply because reddit is not displaying it
58,"['thought', 'reddit']",1042,i thought you had to be + to have reddit 
59,"['moai', 'stern']",1053,moai is very stern
60,['yes'],1074,yes
61,[],1076,f
62,['lmao'],1080,lmao
63,[],1085, 
64,['yes'],1165,yes
65,['yeah'],1179,yeah i do
66,"['advertise', 'like', 'sci', 'fi', 'universes', 'like', 'halo', 'star', 'wars', 'theres', 'game', 'thats', 'pay', 'win', 'called', 'project', 'stardust', 'pretty', 'grindy', 'tho']",1285,not to advertise but if you like sci fi universes like halo and star wars theres a game thats not pay to win called project stardust it can get pretty grindy tho 
67,"['remember', 'whats', 'game', 'front', 'page', 'would', 'join', 'friend', 'gamepass', 'popup']",1303,remember when it was whats this game on the front page and you would join with a friend and not get a gamepass popup
68,"['babft', 'hotel', 'elephant']",1308,babft hotel elephant
69,"['like', 'sorry']",1399,its like am so no sorry
70,['kat'],1404,how about kat 
71,[],1408,\# howmakesmallwords
72,['alright'],1437,alright then 
73,[],1519,how üò≠
74,"['guy', 'come', 'ask', 'robux', 'donation', 'count']",1520,i had a guy come up to me and ask for robux my donation count was only 
75,['yes'],1538,yes
76,"['thats', 'exactly', 'guess', 'grew', 'learned', 'gift', 'cards', 'suprise']",1546,thats exactly what i did when guess what i grew up and learned what gift cards were what a suprise
77,"['goddamn', 'youre', 'mad', 'nothing']",1555,goddamn youre so mad for nothing
78,"['wrong', 'viewpoint', 'game', 'cancer', 'stop', 'supporting']",1561,because you did the same to me and you have the wrong viewpoint the game is a cancer stop supporting it 
79,"['nice', 'counter', 'argument']",1573,nice counter argument
80,"['free', 'rowbawks']",1583,no you can't get free rowbawks
81,[],1590,no there is not 
82,['joking'],1601,i was joking
83,"['fine', 'keyboards', 'broken', 'anyway']",1610,fine > the keyboards broken anyway 
84,[],1612,
85,[],1621,same here
86,"['exaggerated', 'swa', 'meh', 'joke', 'old']",1721,the exaggerated swa meh the joke's old now
87,['gocommitdie'],1722,r gocommitdie
88,['ludwig'],1727,ludwig 
89,"['jimmy', 'carr']",1735,it's jimmy carr 
90,"['thats', 'way', 'afford', 'swag']",1736,thats the only way to afford swag
91,['gocommitdie'],1739,r gocommitdie
92,['ludwig'],1741,ludwig 
93,[],1743,r usernamechecksout
94,[],1745,r usernamechecksout
95,[],1759,same
96,[],1760,haven‚Äôt we all
97,"['broken', 'federal', 'law', 'multiple', 'times', 'operated', 'hydraulic', 'dumpster', 'minor', 'opening', 'closing', 'involves', 'hydraulic', 'crusher', 'moving']",1761,i have broken federal law multiple times i operated a hydraulic dumpster as a minor just opening and closing it which involves the hydraulic crusher moving 
98,['gocommitdie'],1764,r gocommitdie
99,['gocommitdie'],1766,r gocommitdie
100,"['enjoy', 'meme', 'go', 'check', 'gocommitdie', 'dont', 'reposts']",1771,if you enjoy this meme go check out r gocommitdie or dont because it's all f****** reposts
101,"['something', 'funny', 'gaming', 'woah']",1772,something funny on r gaming woah
102,['gocommitdie'],1775,r gocommitdie
103,['oh'],1778,oh no
104,"['le', 'reddit', 'funny']",1783,le reddit funny
105,"['disd', 'pay', 'taxes', 'thats', 'fgvery', 'ikkefak', 'tiy', 'boe']",1784,why disd he not pay his taxes thats fgvery ikkefak tiy boe
106,[],1786,***y o s h i***
107,"['tall', 'ludwig', 'smh']",1797,he‚Äôs too tall to be ludwig smh
108,[],1811,why
109,"['like', 'people', 'preferable', 'taxation', 'death', 'ketamine']",1820,like most people i am not preferable to taxation is death by ketamine
110,[],1824,so it's you again 
111,['yes'],1826,yes
112,"['drug', 'addiction', 'hilarious']",1833,drug addiction is hilarious
113,['noob'],1850,not from a noob
114,"['downer', 'like', 'taking', 'friend', 'addicted', 'ketamine', 'binges', 'mgs', 'one', 'night', 'laugh', 'ass', 'brain', 'withering', 'away', 'funny', 'watch', 'turn', 'human', 'robot']",1852,i‚Äôm not being a downer i just like taking them my friend is addicted to ketamine and when he binges mgs in one night all i can do is laugh my ass off because his brain is withering away very funny to watch him turn into a human robot
115,['yes'],1857,yes
116,"['lego', 'fortnite']",1891,because of lego fortnite
117,"['holy', 'shit']",1923,holy shit 
118,"['thats', 'free', 'play']",1926,thats because its free to play
119,"['really', 'one', 'shooty', 'boi', 'game', 'less', 'childish', 'another', 'escapist', 'fantasy', 'tap', 'primitive', 'violence', 'craving', 'ape', 'brains', 'one', 'lets', 'make', 'believe', 'time', 'feel', 'realer', 'grittier', 'hud', 'darker', 'colors', 'light', 'real', 'thing', 'entirely', 'childish', 'matter', 'slight', 'differences']",2039,i don't really get how one shooty boi game can be more or less childish than another they're both escapist fantasy that tap into our primitive violence craving ape brains one of them just lets our make believe time *feel* realer with the grittier hud and darker colors and in light of the real thing they're both entirely childish no matter the slight differences
120,"['pretending', 'poopnite', 'good', 'reddit', 'assemble', 'know']",2052,why are you pretending poopnite is good‚Ä¶ reddit assemble you know what to do
121,['dont'],2079,no they dont
122,['huh'],2195,huh 
123,[],2241, 
124,"['classic', 'reddit', 'nerds', 'one', 'leaving', 'skins']",2262,just classic reddit nerds no one is leaving because of the skins
125,[],2276,[this is you ] 
126,"['dunk', 'lmao', 'good', 'joke', 'yo']",2279,dunk on me lmao good joke yo
127,"['year', 'olds', 'still', 'kids', 'lmao']",2310, year olds are still kids lmao
128,"['lmao', 'serious', 'like', 'troll', 'giggling', 'im', 'buddy', 'haha']",2319,lmao are you being serious like this isn‚Äôt a troll if this is how you are i will be giggling about ‚Äúim buddy‚Äù for a while haha
129,['wow'],2383,wow
130,"['whats', 'gamemode']",2394,whats the gamemode
131,"['valid', 'response', 'meme', 'game']",2413,this is the only valid response to this meme of a game
132,"['thoughts', 'exactly']",2425,my thoughts exactly
133,"['sorry', 'tell', 'disagree', 'braindead', 'clear', 'sign', 'infected', 'reddit', 'rabies']",2502,i'm sorry to tell you but the disagree with me you are braindead is a clear sign you are infected with reddit rabies 
134,"['god', 'mercy', 'soul']",2503,god have mercy on your soul 
135,"['personal', 'attacks', 'correct', 'response', 'dishonest', 'willfully', 'stupid', 'arguments']",2529,personal attacks are the correct response to dishonest and willfully stupid arguments
136,"['another', 'personal', 'attack', 'magnificent']",2543,another personal attack how magnificent 
137,['like'],2573,i like it 
138,"['juste', 'hahaha']",2583,same for me juste now hahaha 
139,['lmao'],2585,lmao
140,['like'],2586,i like this 
141,"['fps', 'gif']",2599,does it get fps or is that just the gif
142,"['upvote', 'comment', 'curiosity', 'also']",2626,upvote and comment for curiosity also 
143,[],2633,it does 
144,"['stale', 'joke']",2635,stale joke
145,['except'],2640,except it didn't 
146,"['hold', 'microwaving', 'gpu', 'whats']",2663,hold up microwaving the gpu whats that
147,['yes'],2847,yes
148,"['highly', 'doubt']",2851,highly doubt it was but you do you 
149,"['cashstar', 'roblox']",2861,it was cashstar + roblox
150,"['roblox', 'cancer']",2907,is it roblox is cancer 
151,"['reading', 'answer', 'leaning', 'torwards', 'idea', 'lying', 'hopefully', 'people', 'stop', 'upvoting', 'obvious', 'fake', 'post']",2920,from reading some of your answer i'm leaning torwards the idea that you're just lying hopefully people stop upvoting this obvious fake post 
152,['ok'],2925,ok
153,[],2968,this 
154,"['seem', 'like', 'nice', 'guy']",3025,you seem like a nice guy
155,"['hey', 'think', 'guy', 'might', 'crab']",3028,hey i think this guy might just be a crab
156,"['sneaky', 'fucker']",3034,sneaky fucker
157,"['ruin', 'kids', 'holiday', 'wtf']",3045,how does it ruin your kids holiday wtf 
158,"['know', 'supposed', 'joke', 'scumbag']",3048,i don't know if that's supposed to be a joke but if it isn't then you're a scumbag 
159,"['fair', 'enough']",3053,fair enough
160,"['yikes', 'kind', 'shitty', 'judgmental', 'person', 'huh', 'super', 'narrow', 'worldview', 'legitimately', 'pity', 'money', 'crotch', 'goblin', 'doesnt', 'make', 'wise', 'intelligent', 'anyone', 'else', 'entitled', 'twat', 'grow', 'fucked']",3066,yikes you're just kind of a shitty judgmental person huh you have a super narrow worldview i legitimately pity you having money and a crotch goblin doesnt make you wise or more intelligent than anyone else you entitled twat grow up and get fucked 
161,['gocommitdie'],3085,r gocommitdie
162,['lmao'],3087,lmao
163,['epic'],3090,epic
164,"['vr', 'kanojo']",3094,vr kanojo
165,['ok'],3097,ok 
166,"['beef', 'chicken']",3103,beef or chicken 
167,['million'],3125,about million
168,"['roblox', 'mistake']",3134,roblox was a mistake 
169,['gocommitdie'],3136,r gocommitdie
170,[],3142, 
171,['exactly'],3146,exactly
172,"['shout', 'guy', 'back', 'looking', 'camera', 'smiling']",3156,shout out the guy in the back between them looking into the camera and smiling
173,"['fuckin', 'wholesome']",3165,that's fuckin' wholesome
174,"['appriciate', 'guy', 'back']",3188,can we just appriciate the guy in the back 
175,"['minecraft', 'roblox']",3212,minecraft üëç roblox üëé
176,"['darby', 'allin']",3214,and darby allin 
177,"['kota', 'right']",3217,kota on the right 
178,[],3218,¬Ø\\_ „ÉÑ _ ¬Ø
179,[],3278,no
180,"['club', 'penguin']",3305,and club penguin 
181,"['microsoft', 'like']",3325,microsoft was like that 
182,[],3334,what 
183,[],3343, +
184,"['alternative', 'minecraft', 'would', 'valheim', 'viking', 'theme', 'fair', 'bit', 'harder']",3374,an alternative to minecraft would be valheim viking theme a fair bit harder 
185,['haha'],3375,haha no 
186,"['always', 'reddit']",3377,why is it always reddit 
187,"['could', 'said', 'exactly', 'could', 'started', 'pointless', 'argument', 'mindless', 'joke', 'reply', 'people', 'stupid', 'crap', 'inexplicable', 'reasons', 'sometimes']",3383,>you could have just said exactly that and you could've not started a pointless argument about a mindless joke reply people do stupid crap for inexplicable reasons sometimes 
188,"['toxic', 'ass', 'communities', 'roblox', 'also', 'moderated', 'pedos', 'brain', 'dead', 'mfers', 'years']",3401,toxic ass communities roblox has also been moderated by pedos and other brain dead mfers for years 
189,['okay'],3424,okay
190,[],3444,and [this] 
191,['xd'],3448,xd
192,"['fucken', 'lookin', 'headass']",3451,fucken lookin headass
193,[],3464,no 
194,"['nope', 'one']",3465,nope not a one 
195,[],3554,when 
196,['fortnite'],3574,fortnite 
197,"['okay', 'like']",3582,is it okay to do what you like 
198,[],3594,no
199,[],3608,üß¢
200,[],3622,how ironically‚Ä¶childish 
201,['bro'],3684,bro this is so
202,[],3687,f
203,['yeah'],3689,yeah same
204,[],3694,why is that 
205,"['roblox', 'year', 'olds']",3700,roblox is for year olds 
206,"['everyone', 'think', 'lying']",3708,now everyone will think i'm lying 
207,['yes'],3712,yes
208,[],3715,no
209,['yes'],3716,yes 
210,['gatekeeping'],3724,r gatekeeping
211,"['fair', 'enough']",3742,fair enough 
212,"['doom', 'roblox']",3749,doom on roblox 
213,"['im', 'poor']",3754,im poor
214,"['mouse', 'mouse']",3767,mouse is mouse
215,"['roblox', 'studio', 'european', 'forest']",3780, roblox studio european forest 
216,[],3781,r o b l o x 
217,"['holy', 'shit']",3784,holy shit
218,['exactly'],3786,exactly 
219,['dew'],3789,dew it
220,['yesn'],3826,yesn't
221,['yesn'],3827,yesn't
222,[],3843,why
223,[],3848,how 
224,[],3858,what did they do after 
225,"['hell', 'roblox', 'anyway']",3861,the hell is roblox anyway 
226,[],3877,
227,"['damnit', 'vakkies', 'reddits']",3880,damnit vakkies on the reddits now too 
228,[],3904, 
229,"['bethesda', 'roblox']",3910,bethesda or roblox 
230,[],3918,hmmmmmmmmmmmmmmmmmmmmmmmmmmmmmmmmmmmmmmmmmmmmmmmmmmmmmmmmmmmmmmmmmmmmmmmmmmmmmmmmmmmmmmmmmmmmmmmmmmmmmmmmmmmmmmmmmmmmmmmmmmmmmmmmmmmmmmmmmmmmmmmmmmmmmmmmmmmmmmmmmmmmmmmmmmmmmmü§î
231,[],3919, 
232,[],3920,does now
233,['ok'],3934,ok
234,"['yes', 'jerry', 'real']",3938,yes jerry for real
235,"['aaaah', 'shiet']",3939,aaaah shiet
236,"['roblox', 'roblox', 'ps', 'xbox']",3953,roblox can you get roblox on ps or xbox 
237,['article'],3965,article 
238,"['roblox', 'fall', 'guys', 'view', 'poll']",3969,roblox or fall guys myü¶æfriendüëπhere‚õìjustinüí¶he‚Äôs‚úÖalreadyüî•takenü§Øandü•∂he‚Äôsüß±crackedüßêatüåàfortniteüîàmyüòéguyü§ñuhhhhhhhhhüò© [view poll] 
239,"['sorry', 'like', 'roblox', 'cause', 'dont', 'fall', 'guys']",3971,sorry but i like roblox more cause i dont have fall guys
240,[],3982,why just why 
241,"['definitely', 'forcing', 'back', 'laugh']",4152,same but i'd definitely be forcing back a laugh too 
242,['lmao'],4163,lmao
243,[],4178,k
244,"['oh', 'boy']",4206,oh boy 
245,['xbox'],4219,xbox 
246,"['fate', 'worse', 'death']",4227,a fate worse than death
247,"['hot', 'damn', 'judge', 'banned', 'fuck', 'go', 'court', 'disclaimer', 'rarely', 'read', 'articles', 'due', 'non', 'relevant', 'fluff']",4230,hot damn a judge banned them the fuck did they do that it has to go to court disclaimer i rarely read the articles due to all the non relevant fluff 
248,"['think', 'thats', 'roblox']",4239,i don`t think thats roblox 
249,"['oh', 'right']",4243,oh so right you are
250,['neither'],4250,neither
251,['like'],4254,i like both why not both
252,"['im', 'glad', 'im', 'xbox', 'see', 'chat']",4268,im glad im on xbox so i don't have to see the chat
253,"['lego', 'series']",4270,the lego series
254,"['lego', 'series', 'batman', 'marvel', 'starwars', 'etc']",4274,the lego series batman marvel starwars etc 
255,"['legend', 'zelda', 'tbh']",4285,legend of zelda tbh 
256,"['deleted', 'leave', 'reddit']",4324,deleted as i leave reddit
257,"['yes', 'wired', 'yes', 'usb']",4338,yes its wired yes its usb
258,['fortnite'],4341,fortnite 
259,['yes'],4365,yes and no 
260,"['roblox', 'roasts', 'lamar']",4366,roblox roasts lamar 
261,[],4369,üòÇüòÇ
262,[],4381,no
263,['ok'],4395,ok 
264,"['hur', 'rah']",4396,hur rah 
265,"['roblox', 'meme', 'credits', 'zohair']",4399,roblox meme [credits zohair q] 
266,"['got', 'half', 'mind', 'draw', 'insulting', 'pollitical', 'comic', 'bet', 'sheikh', 'dr', 'hamad', 'saif', 'al', 'shamsi', 'would', 'use', 'leverage', 'deportation', 'one', 'take', 'insult', 'without', 'doubling', 'fake', 'anguish', 'pity', 'uae', 'one', 'step', 'forward', 'telling', 'many', 'steps', 'back']",4406,i've got half a mind to draw a *very insulting* pollitical comic about it but i'd bet the sheikh and dr hamad saif al shamsi would use it as leverage for deportation no one here can take an insult without doubling over in fake anguish for some pity *the uae \ one step forward no telling how many steps back*
267,[],4408,why 
268,"['wtf', 'roblox']",4424,wtf is roblox
269,"['else', 'lawsuits', 'copyright', 'infringement', 'games', 'lol', 'thats']",4429,where else are the lawsuits for copyright infringement with their games lol thats all there is
270,"['mr', 'krabs']",4431,mr krabs 
271,[],4440,no
272,['yes'],4444,yes
273,['yes'],4445,yes
274,['yes'],4446,yes
275,['yes'],4447,yes
276,['yes'],4448,yes
277,['yes'],4449,yes
278,['yes'],4450,yes
279,['yes'],4451,yes
280,['yes'],4452,yes
281,"['alien', 'renewal', 'roblox', 'epic', 'guy', 'made']",4456, be an alien renewal roblox this epic guy that made 
282,['mario'],4466,mario
283,['yeah'],4479,yeah
284,['ok'],4491,ok and
285,"['cancer', 'ensues']",4504,and the cancer ensues
286,['yes'],4522,yes
287,['boblox'],4543,boblox
288,"['yeah', 'butmy', 'outrage']",4561,yeah but‚Ä¶my outrage‚Ä¶
289,[],4571,who won
290,['ok'],4573,ok
291,"['plague', 'cholera']",4587,plague or cholera ü§îü§î
292,[],4590,this
293,['right'],4593,this right here
294,[],4596,no
295,[],4599,no
296,[],4602,no
297,"['guys', 'mr', 'krabs']",4625,guys it's mr krabs
298,[],4630,no 
299,"['oooh', 'topical']",4646,oooh topical 
300,[],4656,did it not 
301,[],4659,no
302,['joking'],4662,are u joking
303,"['roblox', 'raise', 'floppa']",4666,what do i do when i get here [roblox raise a floppa] 
304,[],4675,r robloxwinningsmile
305,['yes'],4679,yes 
306,['sekiro'],4696,sekiro 
307,"['oh', 'thats', 'chinese', 'japanese']",4697,oh so thats chinese not japanese 
308,"['thats', 'fair', 'children', 'developers', 'players']",4706,thats fair it's more about children developers not the players
309,[],4722,what about 
310,[],4732,what 
311,"['aimed', 'like', 'year', 'olds']",4756,isn't it aimed at like year olds 
312,['exactly'],4766,exactly
313,[],4788,u s 
314,['fortnite'],4792,is that fortnite 
315,"['roblox', 'aaaaaaa']",4794,it‚Äôs not roblox aaaaaaa
316,"['nooooooooooo', 'soul', 'leaving', 'body']",4795,nooooooooooo my soul is leaving my body
317,[],4802,are u then or 
318,['nah'],4804,nah i just do 
319,['iamveryedgy'],4807,r iamveryedgy
320,['yeah'],4808,yeah no
321,"['thats', 'valid', 'point']",4812,thats a valid point
322,"['gonna', 'looking', 'army', 'guys']",4815,[they're gonna be looking for army guys ] 
323,"['exactly', 'stopped', 'buying', 'cod', 'loved', 'took', 'seriously', 'shit', 'joke']",4824,this is exactly why i stopped buying cod i loved it when it took itself seriously but this shit is a joke
324,"['yes', 'happily', 'support']",4870,yes and i will happily support it
325,"['think', 'guy', 'suggested', 'remake', 'mw', 'laughed', 'uncontrollably', 'troll', 'suggestion', 'approved', 'encouraged']",4911,do you think the guy that suggested a remake of mw laughed uncontrollably as his troll suggestion was not only approved encouraged this is just 
326,"['fuckin', 'clowns']",4916,fuckin clowns
327,[],4918,üòÇ
328,"['meme', 'culture', 'ruined', 'shooters']",4923,meme culture ruined shooters
329,['boppo'],4942,boppo üòÇ
330,"['absolutely', 'love', 'games', 'clown', 'joke', 'hilarious']",4972,i absolutely love these games but this clown joke is hilarious 
331,"['like', 'sexy', 'ronald', 'mcdonald']",4975,like a sexy ronald mcdonald
332,['burn'],4988,burn üî•
333,"['forza', 'forza', 'horizons', 'reskin', 'reskin']",5012,forza does this forza horizons it‚Äôs been reskin after reskin
334,"['robert', 'bowling']",5029,robert bowling 
335,['clown'],5041,clown
336,[],5042,is it again 
337,[],5046,üëÄ
338,['yes'],5086,yes
339,"['idk', 'whats', 'worse', 'blind', 'loyalty', 'cod', 'madden', 'ven', 'diagram', 'groups', 'might', 'circle']",5096,idk whats worse the blind loyalty to cod or madden ven diagram of these groups might be a circle 
340,"['guys', 'life']",5123,you guys have life
341,[],5129,üò≠üò≠
342,"['burpy', 'clown']",5134,burpy the clown 
343,[],5156,ÂΩìÂâçÁΩëÊÆµÂΩìÊó•È¢ùÂ∫¶Â∑≤Ê∂àËÄóÂÆå
344,"['ngl', 'im', 'diggin', 'skin']",5175,ngl im diggin that skin
345,"['halo', 'infinite', 'try']",5206,halo infinite try it
346,['xdefiant'],5208,xdefiant 
347,"['dmz', 'gamemode', 'hunt', 'showdown']",5275,is dmz the gamemode that's just hunt showdown 
348,"['salt', 'lord']",5284,salt lord challenge‚Ä¶completed
349,[],5287, üë∂
350,"['holy', 'shit', 'machinima', 'predicted', 'future', 'fps', 'games', 'lmao']",5296,holy shit machinima predicted the future of fps games lmao
351,[],5309,no‚Ä¶
352,['yes'],5343,yes 
353,[],5351,f
354,[],5352,f
355,[],5353,s
356,['exactly'],5375,exactly
357,"['instant', 'reddit', 'karma']",5442,because instant reddit karma
358,"['mind', 'another', 'idiot']",5461,don't mind him just another idiot 
359,[],5552,no 
360,[],5590,ü§£ü§£ü§£
361,"['beyond', 'cringe', 'thread', 'dude']",5664,you are beyond cringe on this thread dude
362,['exactly'],5686,exactly
363,['fair'],5691,no that's not fair 
364,['naw'],5752,naw 
365,"['insulted', 'funko', 'pops', 'dipshit', 'understand', 'think', 'even', 'remotely', 'close', 'insulting', 'funny', 'well']",5759,you insulted funko pops dipshit didn't understand how you think you're even remotely close to insulting me now that's funny as well 
366,['yikes'],5782,yikes üíÄ
367,[],5785, 
368,"['know', 'definition', 'insanity']",5838,‚Äúdo you know the definition of insanity ‚Äù
369,[],5847,do u
370,"['rarity', 'reddit', 'lol']",5853,it‚Äôs a rarity on reddit lol 
371,[],5865,you're *
372,[],5867,you*
373,[],5883,you\*
374,"['impressive', 'setup', 'stop', 'wondering', 'deal', 'diet', 'mountain', 'dew', 'moooom', 'diet', 'dew']",5888,that's an impressive setup i just can't stop wondering what the deal is with all that diet mountain dew moooom i'm out of diet dew again 
375,"['appreciate', 'everything', 'organization', 'adorable', 'drawings', 'wall', 'dapper', 'star', 'wars', 'art', 'ample', 'supply', 'mountain', 'dew']",5891,i appreciate everything about this the organization the adorable drawings on the wall the dapper star wars art and the ample supply of mountain dew 
376,"['idea', 'op', 'diet', 'zero', 'sugar', 'soda', 'godsend', 'lot', 'diabetics', 'sugar', 'addiction', 'real', 'problem', 'people', 'even', 'realize', 'past', 'point', 'fixing', 'since', 'type', 'ii', 'diabetes', 'start', 'showing', 'major', 'symptoms', 'well', 'disease', 'stocked', 'drinks', 'like', 'quick', 'easy', 'way', 'quench', 'sweet', 'tooth', 'craving', 'without', 'shoveling', 'bunch', 'carbs', 'mouth']",5957,no idea about op but diet zero sugar soda is a godsend to a lot of diabetics sugar addiction is a real problem most people don't even realize they have until they're past the point of fixing it since type ii diabetes doesn't start showing any major symptoms until you're well into the disease being stocked up on drinks like this is a quick and easy way to quench the sweet tooth craving without shoveling a bunch of carbs into your mouth 
377,"['crt', 'capable', 'displaying', 'anything', 'remotely', 'resembling', 'straight', 'line']",5965,a crt was it capable of displaying anything remotely resembling a straight line 
378,"['se', 'gaaa']",5971,*se gaaa*
379,"['thread', 'op', 'linked']",5973,further down the thread the op has linked to it 
380,[],5979, why 
381,"['mean', 'drink', 'soda', 'kind', 'scapegoating', 'blame', 'uncontrollable', 'self', 'urges', 'sugar', 'fault', 'im', 'addicted']",5991,i mean do you have to drink soda kind of scapegoating the blame from uncontrollable self urges for sugar to its not my fault im addicted 
382,"['rear', 'projection', 'even', 'line', 'straight', 'also', 'going', 'distinctly', 'misconverged', 'lines', 'lol']",5995,it's rear projection so even if the line is straight it's also going to be distinctly misconverged lines lol
383,"['diet', 'soda', 'one', 'form', 'self', 'control', 'said', 'processed', 'added', 'sugar', 'real', 'problem', 'united', 'states', 'literally', 'everything', 'unless', 'specifically', 'buy', 'something', 'uses', 'different', 'sweetener', 'people', 'live', 'diabetic', 'years', 'without', 'even', 'realizing', 'early', 'symptoms', 'people', 'frequent', 'thirst', 'urination', 'often', 'supplement', 'sugary', 'drink', 'slightly', 'worse', 'vision', 'attributed', 'well', 'guess', 'getting', 'older', 'fix', 'vision', 'correction', 'brain', 'needs', 'sugar', 'lot', 'thing', 'hard', 'wired', 'crave', 'reasoning', 'evolution', 'progress', 'fast', 'society', 'survival', 'traits', 'bodies', 'employ', 'comfy', 'sedentary', 'lifestyle', 'bodies', 'still', 'hoard', 'fat', 'still', 'try', 'hoard', 'sugar', 'every', 'time', 'consume', 'neuropathways', 'brain', 'reinforced', 'make', 'want', 'eating', 'sugar', 'releases', 'dopamine', 'similar', 'way', 'taking', 'hit', 'cocaine', 'causes', 'released', 'big', 'difference', 'cocaine', 'first', 'time', 'subsequent', 'times', 'choice', 'prevalance', 'sugar', 'foods', 'way', 'society', 'rewards', 'children', 'candy', 'desserts', 'people', 'getting', 'addicted', 'time', 'babies', 'really', 'fault', 'young', 'know', 'moderatation', 'society', 'whole', 'really', 'starting', 'scrutinize', 'amount', 'sugar', 'ingest', 'yeah', 'someone', 'wants', 'drink', 'diet', 'mountain', 'dew', 'prevent', 'going', 'ham', 'chocolate', 'cake', 'shit', 'let', 'simply', 'go', 'cold', 'turkey', 'sugar', 'anyway', 'since', 'body', 'need', 'trying', 'undermine', 'addiction', 'argument', 'pretty', 'shitty', 'thing', 'god', 'could', 'imagine', 'heroin', 'necessary', 'stay', 'alive', 'telling', 'people', 'stop', 'blaming', 'addiction', 'much', 'heroin']",6008,diet soda is one form of self control as i said processed added sugar is a real problem in the united states it's literally in everything unless you specifically buy something that uses a different sweetener most people live with being diabetic for years without even realizing it the only early symptoms most people get are frequent thirst urination which they'll often supplement with a sugary drink and slightly worse vision which can just be attributed to well i guess i'm getting older and fix it with vision correction the brain needs sugar and a lot of it to do its thing we're all hard wired to crave it for this reasoning but evolution doesn't progress as fast as our society has which is why survival traits our bodies employ are counterintuitive to a comfy sedentary lifestyle it's why our bodies still hoard fat and still try to hoard sugar every time you consume it the neuropathways in the brain are reinforced to make you want more of it eating sugar releases dopamine in a similar way to taking a hit of cocaine causes it to be released the big difference here is that doing cocaine the first time and subsequent times is a choice because of the prevalance of sugar in foods and the way our society rewards children with candy and desserts people are getting addicted to it from the time they're babies and it's not really their fault because they're too young to know moderatation and our society as a whole is really only starting to scrutinize the amount of sugar we ingest so yeah if someone wants to drink a can of diet mountain dew to prevent them from going ham on a chocolate cake or some shit let them you simply can't go cold turkey on sugar anyway since your body does have a need for it so trying to undermine the addiction argument is a pretty shitty thing to do god could you imagine if heroin was necessary to stay alive and you were telling people stop blaming your addiction because you don't have to do that much heroin 
384,"['way', 'easier', 'blame', 'sugar', 'continue', 'happily', 'eat', 'sugar', 'bc', 'fault', 'also', 'fault', 'body']",6019,its way easier to blame the sugar and just continue to happily eat sugar bc its not my fault also its not ***my*** fault its my body 
385,['yes'],6048,yes
386,"['trade', 'user', 'xxxsup', 'rs', 'xxx']",6052,trade me my user is xxxsup rs v g xxx
387,[],6066,i'm not 
388,[],6090,no 
389,['ok'],6109,ok
390,['ok'],6110,ok
391,['fortnite'],6112,fortnite
392,"['idk', 'ok']",6116,idk what that is but ok
393,[],6118,f o r t n i t e
394,"['ima', 'block', 'ya']",6120,ima block ya
395,['yes'],6137,yes
396,[],6138,what
397,[],6141, 
398,['yes'],6145,yes 
399,[],6148,
400,"['friend', 'roblox']",6150,friend ticklemycoconuts on roblox 
401,"['would', 'anyone']",6155,why would anyone do that 
402,['lmao'],6161,lmao
403,[],6163,ü§¶‚Äç‚ôÇÔ∏èü§Æ
404,[],6164,üòâüëç
405,"['roblox', 'fortnite']",6165,roblox fortnite 
406,[],6177,i 
407,[],6182,no
408,"['fall', 'guys', 'roblox', 'dropblox']",6183,fall guys on roblox dropblox 
409,[],6184,k
410,[],6185,and 
411,"['gotta', 'stop', 'disrespecting', 'ps']",6200,y‚Äôall gotta stop disrespecting the ps 
412,"['yikes', 'thats', 'sad', 'point']",6211,yikes thats just sad at this point 
413,"['insulting', 'ps']",6261,this is insulting to the ps 
414,"['insult', 'ps']",6284,don't insult the ps 
415,"['insult', 'ps']",6300,don‚Äôt insult ps 
416,"['insulting', 'ps', 'lol']",6313,this is insulting to ps lol
417,[],6377,what is this 
418,"['like', 'ps']",6418,more like ps 
419,['ps'],6419,ps 
420,"['lmaooo', 'literally', 'count', 'pixels', 'wall', 'fucking', 'hilarious']",6420,lmaooo you can literally count the pixels on the wall that's fucking hilarious 
421,"['yes', 'sentence', 'explains']",6458,yes the sentence explains itself 
422,['yikes'],6480,yikes
423,['like'],6500,i like it
424,"['yikes', 'wazowski', 'looks', 'dirt', 'cheap']",6602,yikes wazowski that looks dirt cheap
425,"['ps', 'game']",6655,ps game 
426,"['im', 'fun', 'pls', 'downvote']",6690,im having fun pls downvote
427,"['thats', 'profitable', 'franchise', 'thats']",6702,thats because its the most profitable franchise thats why get it now 
428,"['hey', 'thats', 'disrespectful', 'ps']",6707,hey thats disrespectful to the ps 
429,"['dare', 'say', 'thats', 'offensive', 'ps', 'games']",6714,how dare you say that thats offensive to ps games 
430,[],6723,üò¨
431,"['nintendo', 'seal', 'quantity']",6754,nintendo seal of quantity 
432,"['oh', 'god', 'stop', 'complaining', 'every', 'single', 'thing', 'thats', 'sub']",6802,oh my god stop complaining about every single thing thats all this sub does
433,"['fucked', 'idiot']",7027,get fucked idiot 
434,[],7045,you'll get over it
435,"['ps', 'dirty', 'like']",7092,don't do the ps dirty like that 
436,"['stopped', 'liking', 'pokemon', 'games', 'sun', 'moon', 'meh']",7094,i stopped liking pok√©mon games after sun and moon they‚Äôre so meh now 
437,[],7121,what is this 
438,"['thats', 'ruin', 'name', 'ps']",7161,thats a don't ruin the name of the ps 
439,[],7261,ü§ì
440,"['gonna', 'lie', 'thought', 'metaverse']",7276,not gonna lie i thought this was the metaverse
441,"['stop', 'buying', 'stop', 'buying', 'madden', 'stop']",7280,stop buying it stop buying madden stop 
442,"['blame', 'youre', 'one', 'bought']",7284,all you have to blame is yourself youre the one who bought it 
443,"['boo', 'hoo']",7289,boo hoo 
444,['fortnite'],7292,fortnite
445,"['yet', 'idiots', 'still', 'buy', 'sooooo']",7295,and yet idiots still buy it sooooo
446,[],7307,what üò≠üò≠
447,"['well', 'stop', 'buying', 'ya', 'dumb', 'turds']",7352,well stop buying it ya dumb turds
448,"['hey', 'hey', 'hey', 'disrespect', 'ps', 'like']",7356,hey hey hey don‚Äôt disrespect the ps like that
449,['ps'],7400,ps 
450,"['thought', 'metaverse']",7442,i thought this was the metaverse
451,"['jokes', 'know', 'incredibly', 'profitable', 'ps']",7464,jokes on you do you know how incredibly profitable the ps was 
452,['dejavu'],7466,dejavu 
453,"['guy', 'make', 'mod', 'emerald']",7506,what did some guy make a d mod for emerald üòü
454,"['fair', 'running', 'soc', 'powered', 'zune']",7517,to be fair it's running on the same soc that powered the zune 
455,"['designation', 'based', 'wikipedia', 'article', 'lie']",7523,that designation is based on a wikipedia article it is a lie
456,"['insulting', 'ps', 'games']",7549,that's insulting to ps games
457,"['wtf', 'disrespect', 'ps', 'boy']",7561,wtf is this disrespect on ps boy _ 
458,"['pure', 'unadulterated', 'laziness', 'behalf', 'devs', 'growing', 'pokemon', 'finally', 'draw', 'line', 'stop', 'giving', 'money', 'stale', 'ip', 'refuses', 'evolve', 'pun', 'intended']",7570,pure unadulterated laziness on behalf of the devs after growing up with pok√©mon i finally had to draw the line and stop giving them my money for their stale ip that refuses to evolve pun intended 
459,"['insult', 'games', 'like', 'ffx']",7575,that's an insult to games like ffx
460,"['said', 'key', 'word', 'profit', 'guy']",7598,you said the key word profit my guy
461,[],7603,k
462,[],7604,r screenshotsarehard
463,[],7642, d 
464,"['ahem', 'minecraft']",7644,ahem minecraft
465,"['bought', 'knowingly', 'complain', 'reddit']",7742,and you bought it knowingly+complain on reddit
466,['bt'],7788,bt 
467,"['like', 'ps']",7800,i like ps 
468,"['ps', 'fkn', 'bomb', 'though', 'ngl']",7805,ps was fkn bomb though ngl
469,[],7811,‚ò†Ô∏è
470,[],7816,what is that 
471,"['come', 'offensive', 'ps', 'games']",7828,come on now that's offensive to ps games
472,"['stop', 'forking', 'money', 'bullshit', 'en', 'masse']",7835,stop forking over money for that bullshit en masse then 
473,"['whys', 'bad']",7852,whys it so bad 
474,"['fell', 'bought', 'idiot']",7862,and you fell for it when you bought it idiot 
475,"['stop', 'buying', 'might', 'improve']",7919,stop buying them then and they might improve
476,"['feed', 'nintendo', 'livestock']",7923,just more feed for the nintendo livestock 
477,[],7934,what is that 
478,"['insult', 'ps']",7941,that's an insult to the ps 
479,"['im', 'pokeman', 'fan', 'life', 'im', 'obligated', 'buy']",7963,im a pokeman fan for life so im obligated to buy this 
480,"['problem', 'weeb']",8001,the problem is you‚Äôre not a weeb 
481,['xbox'],8004, xbox
482,"['next', 'gen']",8024,next gen‚Ä¶
483,['whats'],8029,whats this 
484,"['fair', 'aimed', 'children']",8043,to be fair it *is* aimed at children 
485,"['like', 'ps']",8058,more like ps 
486,"['yo', 'insult', 'ps']",8071,yo don't insult ps 
487,"['gta', 'profitable', 'ip', 'human', 'history', 'thought']",8100,gta is the most profitable ip in human history i thought 
488,[],8110,what is this 
489,[],8144,what is it 
490,['ps'],8154,ps 
491,['yeesh'],8160,yeesh
492,"['stop', 'buying', 'dumbfuck']",8165,so stop buying it you dumbfuck
493,"['thats', 'world', 'warcraft', 'profitable', 'game']",8177,thats not world of warcraft the most profitable game
494,['ps'],8180,ps 
495,"['wait', 'guy', 'sees', 'mincraft']",8188,wait until this guy sees mincraft
496,['horseshit'],8196,what's this horseshit 
497,"['shame', 'waste', 'ip']",8253,it's a shame and such a waste that this is all they do with the ip 
498,"['vote', 'wallet', 'stop', 'buying', 'trash']",8259,vote with your wallet stop buying trash 
499,"['god', 'war', 'ps', 'game', 'pathetic']",8264,god of war a ps game pathetic
500,['tree'],8304,tree
501,['like'],8344,more like n 
502,"['tree', 'tree']",8351,n tree n tree
503,[],8387,üíÄ
504,"['idc', 'arriba', 'espana']",8394,idc ¬°¬°arriba espa√±a 
505,[],8423,what is it 
506,[],8443,r screenshotsarehard
507,[],8449,*n 
508,"['laughs', 'xenoblade']",8457,*laughs in xenoblade *
509,"['like', 'ps', 'games']",8476,i like ps games 
510,[],8511,ü§£
511,"['brain', 'dead', 'buy', 'anyway', 'would', 'improve', 'upon']",8516,you brain dead buy it anyway why would they improve upon it 
512,"['aaa', 'gaming', 'joke']",8524,aaa gaming is a joke
513,"['vote', 'wallet']",8561,*vote with your wallet*
514,['gta'],8599,this is gta 
515,['fucking'],8600,l o fucking l
516,"['stop', 'insulting', 'ps', 'bro']",8649,stop insulting ps bro
517,[],8672,üíÄ
518,"['like', 'ps']",8690,more like ps 
519,['ps'],8695,ps \*
520,['ps'],8721,ps \*
521,"['idiots', 'still', 'bought', 'post', 'reddit', 'gf', 'laughing', 'way', 'bank']",8722,and all you idiots still bought it to post it on reddit gf laughing all the way to the bank 
522,['ps'],8759,ps 
523,"['miss', 'ps', 'tho']",8781,i miss the ps tho‚Ä¶
524,"['guys', 'say', 'plainly', 'give', 'shit', 'us']",8804,you guys just don‚Äôt get it so i‚Äôll say it plainly again they don‚Äôt give a shit about us
525,"['texel', 'density', 'problem', 'aa', 'one']",8809,this is a texel density problem not an aa one
526,"['bloody', 'hell', 'thought', 'joke', 'metaverse']",8810,bloody hell i thought it was a joke about the metaverse üòÇ
527,['yes'],8813,yes
528,"['monster', 'hunter']",8894,and monster hunter 
529,"['stop', 'buying', 'nerds']",8985,stop buying it nerds
530,"['seriously', 'comparison', 'shit', 'ps', 'great']",9023,seriously this comparison is shit ps is great 
531,['hilarious'],9028,that's hilarious
532,"['seriously', 'stop', 'fking', 'buying', 'want', 'quality', 'improve']",9062,seriously stop fking buying them if u want the quality to improve 
533,"['reviews', 'always', 'stellar', 'hordes', 'mentally', 'ill', 'fans', 'make', 'life', 'goal', 'destroy', 'offended', 'sacred', 'pokemon', 'gods']",9068,and reviews are always stellar because if they aren't hordes of mentally ill fans make it their life goal to destroy you for having offended the sacred pokemon gods
534,['deserve'],9120,they get what they deserve 
535,"['exactly', 'blame', 'supply', 'blame', 'demand']",9169,exactly don‚Äôt blame the supply blame the demand
536,[],9201,both
537,"['add', 'sentence', 'vote', 'wallet']",9250,add the sentence 'vote with your wallet'
538,"['shh', 'thats', 'logical', 'disgruntled', 'pokestans']",9278,shh thats too logical for the disgruntled pokestans
539,"['reviews', 'would', 'courage', 'give', 'grade', 'deserves', 'like', 'hiccups']",9280,as if reviews would have the courage to give it the grade it deserves they're like because it has a few hiccups
540,"['pokemon', 'scarlet', 'violet']",9367,pok√©mon scarlet violet
541,['exactly'],9372,exactly
542,['march'],9383,from march 
543,[],9420, 
544,"['nintendo', 'control', 'pokemon']",9422,nintendo doesn't control pokemon
545,"['nintendo', 'turns', 'blind', 'eye']",9515,nintendo turns a blind eye
546,[],9522, 
547,['huh'],9525,huh 
548,"['neither', 'though']",9539,when you have neither though‚Ä¶‚Ä¶
549,['delusional'],9578,delusional
550,"['pokemon', 'scarlet', 'violet']",9579,pokemon scarlet and violet
551,"['pokemon', 'scarlet', 'violet']",9584,pokemon scarlet violet
552,"['pokemon', 'scarlet', 'violet']",9585,pokemon scarlet violet
553,"['pokemon', 'scarlet', 'violet']",9627,pokemon scarlet and violet
554,['xenoblade'],9633,and xenoblade 
555,"['pointless', 'argument', 'yes', 'fun', 'take', 'away', 'fact', 'structural', 'integrity', 'game', 'dogwater']",9659,that‚Äôs a pointless argument yes you can have fun that doesn‚Äôt take away from the fact that the structural integrity of the game is dogwater 
556,"['one', 'taken', 'camera']",9666,one taken with a camera
557,"['thought', 'first', 'guys', 'legs']",9685,i thought so too at first but this guys has legs
558,"['dragon', 'quest']",9709,or dragon quest 
559,"['splatoon', 'awful']",9715,splatoon is awful too
560,"['nier', 'automata', 'guys', 'somehow']",9717,nier automata guys somehow 
561,"['legends', 'arceus']",9718,or legends arceus
562,"['botw', 'immortals', 'fenyx']",9719,and botw and immortals fenyx
563,"['italy', 'literally', 'got', 'luxury', 'balls', 'thing', 'raise', 'happiness', 'thats']",9919,italy here i literally got luxury balls and a thing to raise happiness thats it
564,"['whaaaat', 'preorder', 'bonu', 'stop', 'fucking', 'preordering', 'shit', 'dense', 'mother', 'fuckers', 'holy', 'shit']",9922,whaaaat no preorder bonu ***stop fucking preordering shit you dense mother fuckers holy shit***
565,[],9973,same
566,"['know', 'meme', 'even', 'metaverse', 'deserve', 'disrespect']",9975,i know it's a meme but even the metaverse doesn't deserve this disrespect 
567,"['gotta', 'stop', 'disrespecting', 'checks', 'note']",9979,y‚Äôall gotta stop disrespecting the **checks note* the n 
568,['ps'],9980,*ps 
569,"['thats', 'literally', 'every', 'piece', 'software']",10005,thats literally every piece of software out there 
570,"['large', 'penises']",10016,such large penises
571,['ooooooohhh'],10029,‚Äúooooooohhh ‚Äù
572,"['owatta', 'beikoku']",10032, owatta beikoku 
573,"['alundra', 'ps']",10087,alundra on ps 
574,"['pokemon', 'scarlet', 'violet']",10097,pokemon scarlet violet 
575,"['gen', 'multiplayer']",10158,this gen has multiplayer 
576,"['shut', 'nerd']",10174,shut up nerd
577,['yes'],10194,yes
578,['cope'],10208,cope
579,"['stop', 'excusing', 'malfeasance']",10248,stop excusing both your and their malfeasance 
580,['okay'],10305,okay
581,"['yet', 'argument', 'remains']",10337,and yet my argument remains the same 
582,"['arguing', 'semantics', 'art', 'style', 'winning', 'argument']",10339,if we're arguing semantics about what is art style and what isn't than there is no winning this argument 
583,['truth'],10348,truth
584,"['lol', 'fair']",10354,lol fair
585,"['nah', 'spineless']",10357,nah your just spineless
586,['exactly'],10404,exactly
587,"['imagine', 'would', 'look', 'like', 'unreasonable', 'quarterly', 'profit', 'margin', 'goals', 'like', 'said', 'know', 'trillion', 'net', 'profits', 'last', 'quarter', 'trillion', 'previous', 'quarter', 'holy', 'crap', 'still', 'made', 'trillion', 'squeak', 'squeak', 'goes', 'cartoonishly', 'large', 'supervillain', 'chair', 'slowly', 'turns', 'around', 'revealing', 'elon', 'musk', 'petting', 'robot', 'cat', 'promising', 'would', 'purr', 'update', 'past', 'years', 'anyone', 'assistant', 'assistant', 'ceo', 'leave', 'room', 'clean', 'desk', 'fired', 'think', 'joke', 'think', 'tweeted', 'would', 'purchase', 'company', 'share', 'lolz']",10478,can you imagine what it would look like if it wasn‚Äôt all about unreasonable quarterly profit margin goals like what if they said ‚Äúyou know trillion net profits last quarter was only trillion more than the previous quarter but holy crap we still made trillion ‚Äù ‚Ä¶ squeak squeak goes the cartoonishly large supervillain chair as it slowly turns around revealing elon musk petting a robot cat that he‚Äôs been promising would get the purr update for the past years ‚Äúanyone who isn‚Äôt assistant to the assistant ceo leave the room and clean out your desk you‚Äôre fired now then do you think this is a joke do you think i tweeted that i would purchase this company for a share for the lolz ‚Äù
588,"['right', 'pain']",10505,right‚Ä¶ pain
589,"['pokemon', 'scarlet', 'violet']",10530,pok√©mon scarlet violet
590,"['pokemon', 'brown', 'dark', 'brown']",10531,pokemon brown dark brown
591,"['really', 'amazing', 'people', 'praise', 'gacha', 'games', 'moon', 'back', 'anime', 'waifus', 'thirst', 'oh', 'western', 'dev', 'adds', 'lootbox', 'boring', 'non', 'thirst', 'skins', 'literally', 'worst', 'thing', 'existence', 'thousands', 'outrage', 'videos', 'reddit', 'outrage', 'tens', 'thousands', 'upvotes', 'calls', 'law', 'changes', 'boycott', 'calls', 'etc']",10554,it's really amazing how people praise gacha games to moon and back because they have anime waifus they can thirst over but oh no western dev adds lootbox with boring non thirst skins and it's literally the worst thing in existence thousands of outrage videos reddit outrage with tens of thousands of upvotes calls for law changes boycott calls etc 
592,[],10588,ü§Ø
593,[],10679,how 
594,['nah'],10750,nah
595,[],10753,such as 
596,"['mw', 'mw']",10809,mw or mw 
597,"['swear', 'rising', 'prevalence', 'argument', 'viral', 'marketing', 'must', 'consume', 'media']",10821,i swear the rising prevalence of that argument has to be viral marketing you must consume all media 
598,"['ouch', 'undeserved', 'downvotes', 'clearly', 'joke']",10823,ouch undeserved downvotes this was clearly a joke
599,"['guys', 'didnt', 'buy']",10838,who‚Äôs you guys i didnt buy it 
600,[],10877,r terminallyonline
601,"['nah', 'dig', 'ir']",10880,nah i'd dig ir
602,"['digimon', 'duh']",10915,digimon duh 
603,"['supposed', 'know', 'joke']",10926,how was i supposed to know that was a joke 
604,"['pokemon', 'switch']",10950,>it's pokemon switch 
605,"['madden', 'yeah', 'better', 'feeling', 'gripping', 'stick', 'returning', 'punts', 'nailing', 'kicks', 'running', 'backs', 'real', 'fakin', 'sick', 'halfback', 'stop', 'touchdown', 'bound', 'jeff', 'follow', 'block', 'offensive', 'line', 'locking', 'block', 'fourth', 'inches', 'stopped', 'third', 'long', 'stretching', 'field', 'chasin', 'corner', 'see', 'chill', 'offense', 'stop', 'defense', 'stop', 'yeah', 'braggin', 'hitting', 'taggin', 'madden', 'yeah']",10951,madden is it yeah no better feeling then gripping the stick returning my punts nailing my kicks my running backs real fakin' is sick halfback don't stop touchdown bound jeff follow his block my offensive line locking the block fourth and inches we can't be stopped third and long we stretching the field chasin the corner see if he chill offense won't stop no defense won't stop no yeah we braggin and hitting and taggin' on madden yeah 
606,['fair'],10997,to be fair
607,['bot'],11001,this is a bot
608,"['wrong', 'fallen', 'love', 'game', 'called', 'starsector', 'steam', 'made', 'one', 'guy', 'life', 'consumed', 'think', 'mount', 'blade', 'spaceships']",11081,your not wrong i've just fallen in love with a game called starsector it's not on steam made by one guy and my life is just consumed by it think mount and blade but with spaceships 
609,"['thread', 'nailed', 'brother', 'law', 'head']",11137,this thread nailed my brother in law on the head
610,[],11194,ü§¶‚Äç‚ôÇÔ∏è
611,"['hilarious', 'would', 'actually', 'make', 'chinpokomon', 'hilarious', 'offensive', 'doubt', 'could', 'away', 'shit', 'surprised', 'hell', 'episode']",11211,as hilarious as it would be to actually make chinpokomon and have it be hilarious and offensive i doubt they could get away with that shit i'm surprised they didn't get hell for the episode 
612,"['isbthe', 'funniest', 'post', 'thread', 'thanks', 'making', 'laugh']",11339,this isbthe funniest post in this thread thanks for making me laugh 
613,"['typical', 'hater', 'argument', 'game', 'performs', 'good', 'legit', 'uncracked', 'firmware', 'proper', 'sd', 'card', 'stop', 'using', 'horrible', 'language', 'act', 'writing', 'legitimate', 'critique']",11351,typical hater argument üíÖ the game performs good with legit uncracked firmware and a proper sd card stop using horrible language and act as if you're writing a legitimate critique 
614,"['theres', 'artifacts', 'bottom', 'left', 'corner', 'backpack']",11388,theres some artifacts on the bottom left corner of the backpack
615,"['runs', 'pure', 'argent', 'energy', 'cocaine']",11419,it runs on pure argent energy and cocaine
616,"['bot', 'account']",11422,bot account
617,['like'],11517, this isn't like that
618,"['someone', 'makes', 'slap', 'face', 'idiocy', 'games', 'studios', 'art', 'profit', 'driven', 'enacting', 'vision', 'enacting', 'someone', 'elses', 'even', 'like', 'well', 'made', 'character', 'alone', 'making', 'massively', 'fragmented', 'let', 'say', 'vision', 'greenlight', 'going', 'random', 'executives', 'stick', 'nose']",11544,as someone who makes them no it's not a slap in the face it's just not idiocy games at studios aren't art they are profit driven you are not enacting your vision you are enacting someone elses and even if it's like well i made this character you are not alone in making it it's massively fragmented but let's say you have a vision and get a greenlight you're going to have random executives stick their nose in it
619,"['lmao', 'sound', 'knowledgeable']",11553,lmao you sound knowledgeable s
620,"['zero', 'issue', 'visual', 'novels', 'elaborate', 'power', 'points', 'fate', 'sn', 'might', 'best', 'written', 'novel', 'ever', 'fap', 'buuuttt', 'going', 'prepare', 'program', 'call', 'duty', 'mention', 'demonstrate', 'japan', 'priorities', 'differ', 'american', 'gamer', 'culture']",11566,i have zero issue with visual novels but they're elaborate power points fate sn might be the best written novel you ever fap too buuuttt it isn't going to prepare you to program call of duty and i mention them to demonstrate how japan's priorities differ from american gamer culture 
621,"['imo', 'call', 'duty', 'etc']",11618,and imo call of duty etc 
622,[],11714,how 
623,"['exactly', 'predicted', 'tho', 'im', 'sure', 'actually', 'read', 'lmao']",11725,so you did exactly what i predicted tho im sure you actually read it lmao
624,['yep'],11752,[yep ] 
625,"['hell', 'black', 'white', 'ruby', 'sapphire', 'far', 'well', 'received', 'reddit', 'gen', 'gen', 'memed', 'constantly']",11836,hell no black and white ruby and sapphire are far more well received on reddit gen and gen get memed on constantly
626,"['yeah', 'bad']",11903,yeah my bad p
627,"['yeah', 'people', 'seem', 'bent', 'calling', 'common', 'sense', 'reddit', 'hivemind', 'instead', 'admitting', 'wrong', 'lmao']",11919,yeah people seem bent on calling common sense reddit hivemind instead of just admitting they were wrong lmao
628,[],12002,they are 
629,"['reddit', 'redditing', 'guess', 'lol', 'haters', 'got', 'nothin']",12062,reddit be redditing i guess lol but the haters got nothin' on me üí™üòÇ
630,"['hahaha', 'great']",12066,hahaha that's great 
631,[],12092,why 
632,"['else', 'drunk', 'sarcasm', 'good']",12119,or else i'm just too drunk for sarcasm but it's all good 
633,"['check', 'legaleagle', 'youtube', 'pretty', 'awesome', 'goes', 'lawyers', 'assholes', 'trope']",12181,check out legaleagle on youtube he's pretty awesome and goes against the lawyers are assholes trope 
634,['yes'],12227,yes
635,"['lol', 'fair', 'ig']",12234,lol that's fair ig 
636,['exactly'],12236,exactly 
637,"['oh', 'meant', 'guy', 'made', 'rollercoaster', 'tycoon', 'great', 'hear', 'carmack', 'accomplishments', 'influences']",12296,oh no i meant the guy who made rollercoaster tycoon but it's great to hear all of carmack's accomplishments and influences
638,"['like', 'art', 'style']",12317,so you just don't like the art style or what 
639,"['html', 'markup', 'language', 'exactly', 'programming', 'language']",12362,c++ not c+ and html is a markup language not exactly a programming language
640,"['must', 'hallucinating', 'brain', 'rot', 'game', 'gave', 'lol']",12431,you must be hallucinating from the brain rot the game gave you lol
641,"['brain', 'dead', 'followers', 'like']",12433,of their brain dead followers more like
642,"['cope', 'seethe', 'mald']",12443,cope seethe mald
643,[],12455,[this you ] 
644,['lmao'],12459,[lmao] ü§°
645,[],12481,they aren't 
646,['yes'],12488,yes and 
647,"['oh', 'shit']",12506,oh shit
648,[],12515,no no no no no no
649,"['would', 'fall']",12520,who would fall for this
650,"['new', 'recieved', 'july']",12524,its now new i had recieved it in july 
651,[],12539,no
652,['mdrlollolmdr'],12568,mdrlollolmdr
653,"['new', 'thread', 'need', 'followers']",12623,new to this thread we need more followers 
654,"['agreed', 'guy', 'either', 'idiot', 'one', 'predators', 'taking', 'advantage', 'pedo', 'buffet']",12652,agreed that guy is either an idiot or one of the predators taking advantage of this pedo buffet 
655,[],12671,"‚£ø‚£ü‚£ø‚†Ä‚†Ä‚†Ä‚¢Ä‚£¥‚¢æ‚£ª‚£ø‚£æ‚£¶‚£Ä‚†Ä‚†à‚¢π‚°ø‚°ø‚¢ø‚°ø‚£ø‚£∑‚£¶‚°Ä‚†Ä‚†Ä‚†Ä‚†Ä‚£Ω ‚£ø‚¢Ω‚°á‚†Ä‚¢Ä‚£¥‚£ø‚£ø‚†ü‚†ã‚†â‚†Ä‚†Ä‚†¢‚†Å‚†Ä‚†Ä‚†Ä‚†Ä‚†Ä‚†Ä‚†Ä‚†â‚¢ª‚£ø‚£∂‚£Ñ‚†Ä‚†Ä‚¢∏ ‚£ø‚£ø‚£∑‚¢†‚£ø‚£ø‚°ü‚†Å‚£†‚£§‚£§‚£§‚°†‚¢∂‚°Ü‚¢®‚£æ‚°ç‚¢§‚£∂‚£ø‚£∑‚£∂‚°Ñ‚¢π‚£ø‚£ø‚£ß‚°Ä‚¢∏ ‚£ø‚£ø‚£ø‚£º‚£ø‚£ø‚°á‚£º‚°ü‚†õ‚†ã‚†â‚†Å‚¢ô‚£á‚£∏‚£è‚£†‚¢Ø‚°Ä‚¢§‚£§‚°º‚¢ã‚£º‚£ø‚£ø‚£ø‚£ó‚£∏ ‚£ø‚£ø‚£ø‚£ø‚£ø‚£ø‚£ß‚¢©‚¢Ä‚†°‚¢Ä‚†Ä‚£∏‚°ø‚†õ‚†Å‚†â‚†±‚£Ñ‚†Ä‚†ª‚†ü‚†í‚†à‚£æ‚£ø‚£ø‚£ø‚£ø‚£ø ‚£ü‚†ô‚£ø‚£ø‚£ø‚£ø‚°∑‚£∏‚†Ä‚¢É‚†Å‚£æ‚†ü‚†Å‚†Ä‚†Ç‚†à‚†Ä‚†ô‚£Ä‚†Å‚†à‚†Ä‚†Ä‚£π‚£ø‚£ø‚£ø‚£ø‚£ø ‚£Ø‚¢∏‚£ø‚£ø‚£ø‚£ø‚°∑‚£É‚†Ñ‚£Ä‚††‚¢¥‚£¶‚£§‚£Ä‚†Ä‚£§‚£∂‚£∂‚°ü‚†Ä‚£†‚¢ñ‚£≤‚£π‚£æ‚£ø‚£ø‚£ø‚£ø ‚£ø‚£ø‚£ø‚£ø‚£ø‚£ø‚£ü‚°∑‚£û‚°§‚†í‚†§‚£Å‚†ã‚£Ω‚°ü‚¢´‚£Å‚¢Ä‚°†‚†ê‚°å‚¢û‚£≥‚¢ø‚£ø‚£ø‚£ø‚£ø‚£ø ‚£ø‚£ø‚£ø‚£ø‚£ø‚£ø‚£ø‚£ø‚£≥‚£ù‚¢Ø‚£≥‚£å‚£æ‚†ã‚£Ä‚¢Ä‚£Ä‚£ê‚£¢‚£ª‚£º‚¢∑‚°Æ‚£ø‚£ø‚£ø‚£ø‚£ø‚£ø ‚£ø‚£ø‚£ø‚£ø‚£ø‚£ø‚£ø‚£ø‚£ø‚£û‚£Ø‚£ø‚°ã‚†â‚†â‚†â‚†â‚†â‚†â‚¢â‚£ø‚£ø‚¢æ‚£Ω‚£ø‚£ø‚£ø‚£ø‚£ø‚£ø ‚†ô‚†ª‚£ø‚£ø‚¢ø‚£ø‚£ø‚£ø‚£ø‚£ø‚£ø‚£è‚†õ‚†ø‚°∂‚†∂‚†∂‚†ñ‚†õ‚†â‚†â‚¢ª‚£ø‚£ø‚£ø‚£ø‚£ø‚£ø‚£ø‚£ø ‚†Ä‚¢∏‚£ø‚£á‚£∏‚£ø‚£ø‚£ø‚£ø‚£ø‚£ø‚£ø‚°Ä‚†Ä‚†ë‚†¢‚£Ñ‚†Ä‚†Ä‚†Ä‚†Ä‚£∏‚£ø‚£ø‚£ø‚£ø‚£ø‚£ø‚£ø‚°ø ‚†Ä‚†Ä‚†â‚†ª‚¢ø‚£ø‚£ø‚£ø‚£ø‚£ü‚†ª‚£ø‚£∑‚°Ä‚†ê‚£¶‚£à‚£ª‚°∂‚†∂‚¢∂‚£ø‚£ø‚†ì‚£ø‚£ø‚°è‚¢ª‚£ø‚£ø ‚†Ä‚†Ä‚†Ä‚†Ä‚¢∞‚£ø‚£ø‚†â‚†ª‚†ü‚†Ä‚†ô‚£ø‚£ø‚£§‚£Ä‚£à‚£Ä‚£§‚£¥‚£ø‚£ø‚†É‚†à‚¢ø‚£ø‚°á‚†à‚£ø‚°ù ‚°Ñ‚†Ä‚†Ä‚†Ä‚†∏‚£ø‚£ø‚£¶‚†Ä‚†Ä‚†Ä‚†Ä‚¢æ‚£ø‚£ø‚£ø‚£ø‚¢ø‚£ª‚£ø‚£ø‚°á‚†Ä‚†Ä‚¢∏‚£ø‚°ø‚†Ä‚†ª‚†è ‚°á‚†Ä‚†Ä‚†Ä‚†Ä‚£ø‚°è‚†â‚†Ä‚†Ä‚†Ä‚†Ä‚†ò‚¢ø‚£ø‚£ø‚£ø‚£ø‚£ø‚£ø‚†ø‚†Å‚†Ä‚¢†‚°ø‚†Å‚†Ä‚†Ä‚†Ä‚¢∞ ‚°á‚†Ä‚†Ä‚†Ä‚¢Ä‚£ø‚°á‚†Ä‚†Ä‚†Ä‚†Ä‚†Ä‚†Ä‚†Ä‚†â‚†ô‚†ã‚†õ‚†ã‚†Ä‚†Ä‚†Ä‚†Ä‚†Ä‚†Ä‚†Ä‚†Ä‚†Ä‚†Ä‚¢∏ ‚£á‚†Ä‚†Ä‚¢Ä‚£æ‚°ü‚†Å‚†Ä‚†Ä‚†Ä‚†Ä‚†Ä‚†Ä‚†Ä‚†Ä‚†Ä‚†Ä‚†Ä‚†Ä‚†Ä‚†Ä‚†Ä‚†Ä‚†Ä‚†Ä‚†Ä‚†Ä‚†Ä‚†Ä‚¢∏ ‚£ø‚†Ä‚†Ä‚†ò‚†ã‚†Ä‚†Ä‚†Ä‚†Ä‚†Ä‚†Ä‚†Ä‚†Ä‚†Ä‚†Ä‚†Ä‚†Ä‚†Ä‚†Ä‚†Ä‚†Ä‚†Ä‚†Ä‚†Ä‚†Ä‚†Ä‚†Ä‚†Ä‚†Ä‚¢∏ ‚£ø‚†Ä‚†Ä‚†Ä‚†Ä‚†Ä‚†Ä‚†Ä‚†Ä‚†Ä‚†Ä‚†Ä‚†Ä‚†Ä‚†Ä‚†Ä‚†Ä‚†Ä‚†Ä‚†Ä‚†Ä‚†Ä‚†Ä‚†Ä‚†Ä‚†Ä‚†Ä‚†Ä‚†Ä‚£ø"
656,"['boi', 'shut', 'mouth']",12672,boi shut your mouth
657,[],12673,same
658,[],12676, 
659,['karen'],12677,karen
660,"['troll', 'see', 'sr', 'would', 'react']",12679,this was just a troll to see how this sr would react
661,['could'],12682,could be
662,"['jokes', 'lolol']",12695,jokes on you it was me lolol
663,['yes'],12724,yes
664,['bobux'],12783,bobux
665,"['well', 'oof', 'im', 'ideas']",12799,well oof im out of ideas
666,[],12807,same 
667,['awh'],12817,awh
668,[],12839, 
669,['like'],12844,like 
670,[],12846,no 
671,['tf'],12957,tf üíÄ
672,"['chop', 'chop', 'chop', 'chop']",13036,chop chop chop chop
673,[],13041,this is what we do
674,"['disable', 'chat']",13080,you can disable chat 
675,['yes'],13219,yes you can
676,"['article', 'like', 'sentences', 'specifics']",13336,the article is like sentences with no specifics there has to be more to it 
677,"['exactly', 'thinking']",13443,exactly what i was thinking 
678,[],13560,no 
679,['till'],13668,not till she‚Äôs 
680,"['soo', 'sad']",13713,this is soo sad
681,['fucking'],13748,fucking no
682,['yes'],13775,yes this 
683,[],13784, 
684,['like'],13805,i like this
685,['like'],13818,i like this
686,[],13836,why 
687,"['almost', 'certainly', 'wreacking', 'havoc', 'brain', 'chemistry', 'long', 'term', 'way']",13849,it's almost certainly wreacking havoc on their brain chemistry in a long term way 
688,['exactly'],13868,i don't get it what exactly is it 
689,"['minecraft', 'roblox']",13876,minecraft > roblox
690,"['exactly', 'thinking']",13928,exactly my thinking 
691,"['oh', 'god', 'third', 'trimester', 'brexited', 'trump', 'elected', 'surreal', 'felt', 'like', 'catapulted', 'dystopian', 'novel', 'like', 'hell', 'bringing', 'child']",13941,oh god i was in my third trimester when we brexited and then trump was elected it was so surreal i felt like i‚Äôd been catapulted into a dystopian novel and was like ‚Äòwhat the hell am i bringing a child into ‚Äô
692,[],13948, 
693,"['interested', 'think', 'would', 'relevant', 'thread']",13956,now i‚Äôm interested why do you think that and why would that be relevant to this thread 
694,"['yes', 'nl', 'believe', 'belgium', 'famously', 'strict', 'laws', 'gacha', 'lootboxes', 'find', 'fantastic']",13969,yes nl and i believe belgium have famously strict laws against gacha and lootboxes which i find fantastic 
695,[],13974, 
696,[],13975, 
697,[],13976, 
698,['yes'],14081,yes it is 
699,['yes'],14087,yes
700,"['nope', 'stick', 'minecraft']",14101,nope stick with minecraft 
701,[],14116,no no no
702,[],14124,no
703,"['disable', 'chat']",14274,how do you disable the chat 
704,"['omg', 'im', 'sick']",14275,omg what how im sick 
705,['oh'],14299,^oh ^no
706,[],14314,why not both 
707,['yes'],14338,yes i do the same 
708,[],14377,same 
709,[],14412,so 
710,['yep'],14413,yep same 
711,[],14417,i get it 
712,"['intensely', 'disrespectful', 'compare', 'kid', 'addiction', 'game', 'heroin', 'glad', 'lucky', 'enough', 'know', 'anything', 'heroin', 'methadone', 'allow', 'bring', 'like', 'cool']",14521,it is intensely disrespectful to compare a kid's addiction to a game to heroin i'm glad you're 'lucky enough' not to know anything about heroin and methadone but that doesn't allow you to bring it in like that not cool 
713,"['reminder', 'heroin', 'also', 'heroin', 'kids']",14525,reminder heroin is also heroin for kids 
714,"['dopamine', 'hit', 'brains', 'real']",14528,the dopamine hit in their brains is real 
715,"['reddit', 'like', 'heroin', 'us', 'adults']",14542,and reddit is like heroin for us adults 
716,"['heroin', 'exactly', 'gateway', 'drug']",14545,heroin isn't exactly a gateway drug 
717,['amen'],14580,amen 
718,"['year', 'olds', 'little', 'self', 'control']",14599, year olds have a little more self control‚Ä¶
719,"['seriously', 'tho', 'anyone', 'calling', 'op', 'comparing', 'kid', 'addiction', 'heroin', 'beyond', 'fucked']",14602,seriously tho why isn't anyone calling out op for comparing a kid's addiction to heroin it's beyond fucked up 
720,"['fair', 'enough', 'lucky']",14610,fair enough lucky for you 
721,"['appropriate', 'shows', 'like', 'jeffey', 'sml', 'puppet', 'crap', 'seriously', 'want', 'fight', 'whoever', 'invented', 'jeffy']",14619,>appropriate shows like jeffey sml or some other puppet crap i i seriously want to fight whoever invented jeffy 
722,['huh'],14647,huh
723,"['yep', 'dopaminergic', 'activity', 'cause', 'permanent', 'changes', 'brain', 'processes', 'work', 'reward', 'good', 'psychology', 'videos', 'youtu', 'ohhhh', 'nooooooooooo', 'brain']",14652,yep it's a dopaminergic activity it can cause permanent changes to how your brain processes work and reward there are some good psychology videos about it on youtu ohhhh nooooooooooo it's in my brain too 
724,"['guy', 'total', 'dumpster', 'fire', 'casually', 'following', 'goes', 'years', 'morbid', 'curiosity', 'latest', 'thing', 'cease', 'desist', 'letter', 'nintendo', 'forcing', 'stop', 'using', 'mario', 'characters', 'videos']",14656,the guy is a total dumpster fire i've been casually following what goes on with him for years out of a morbid curiosity latest thing is a cease and desist letter from nintendo forcing him to stop using mario characters in his videos 
725,['yeah'],14663,yeah c
726,"['getting', 'videogames', 'debate', 'comparison', 'saying', 'like', 'heroine', 'wrong', 'disrespectful']",14670,i'm not getting into the videogames debate it's just the comparison and saying it's 'like heroine' that's just wrong and disrespectful 
727,[],14677,üòÇ
728,"['farms', 'funny', 'comes', 'mouth', 'armpit']",14688,farms are only funny when it comes from the mouth or armpit
729,"['even', 'penises', 'attached', 'someone', 'yeah', 'bar', 'serving', 'drinks', 'hades']",14745,and not even penises attached to someone yeah the bar is serving drinks in hades 
730,"['lol', 'legit', 'reaction']",14748,lol legit this was my reaction too
731,"['kids', 'older', 'littles', 'penises', 'peeing', 'many', 'men', 'women', 'body', 'hair', 'neither', 'surprising', 'sexual', 'boobs', 'nursing', 'kids', 'sexualize', 'body', 'parts', 'us', 'naturally', 'functional', 'played', 'games', 'either', 'us', 'alone', 'living', 'room', 'stupid', 'stuff', 'showed', 'clicked', 'report', 'voted', 'score', 'moved', 'reaction', 'malcontent', 'wants', 'give']",14788,no my kids are older now but as littles penises were for peeing many men and women have body hair neither were surprising or sexual boobs were for nursing if our kids sexualize these body parts that's on us; to them they are naturally functional when they played games either with us or alone in the living room and stupid stuff showed up we just clicked report or voted a score of and moved on a reaction is what the malcontent wants and we don't give it to them 
732,"['think', 'inappropriate', 'pretty', 'brain', 'numbing', 'pointless']",14935,i don‚Äôt think it‚Äôs inappropriate but it is pretty brain numbing & pointless 
733,['mhm'],14954,mhm
734,[],14993,how do you do that 
735,"['super', 'accurate', 'work', 'somewhat', 'well', 'great', 'show', 'child', 'loud', 'even', 'remotely', 'accurate', 'measurement', 'decibel', 'level']",15066,they‚Äôre not super accurate but they do work somewhat well it‚Äôs great just to show your child they‚Äôre being too loud it is not an even remotely accurate measurement of the decibel level 
736,['right'],15071,right
737,"['sorry', 'hope', 'good', 'lawyer']",15082,i‚Äôm so sorry hope you have a good lawyer 
738,"['th', 'roblox']",15179,th did roblox do 
739,"['makes', 'sense']",15282,makes sense 
740,[],15364,this
741,['haha'],15376,haha
742,"['renovating', 'house', 'face', 'body']",15388,renovating her house or her face body 
743,['kim'],15389,kim k 
744,[],15523,this
745,['justnomil'],15569, r justnomil
746,"['methinks', 'son', 'law', 'mother', 'law', 'heads']",15823,methinks son in law and mother in law have but heads before 
747,"['like', 'one']",15889,i like this one üòÇ
748,[],15894,ü§£ü§£
749,['french'],15921,you're french 
750,"['lie', 'gaslight', 'children']",15962,do not lie to and gaslight your children 
751,['right'],15972,you‚Äôre right 
752,[],15987,this 
753,"['ur', 'wlc', 'ed']",16009,ur wlc ed
754,"['evict', 'mil']",16025,then evict the mil
755,[],16029,üòÇüòÇüòÇ
756,"['exactly', 'said', 'daily', 'pestering', 'worse', 'worse', 'exhausting']",16048,exactly what i said‚Ä¶ and then the daily pestering will get worse and worse exhausting‚Ä¶ 
757,"['ipad', 'wake']",16049,she‚Äôs and has an ipad‚Ä¶ wake up
758,"['according', 'reddit', 'adft', 'page', 'accents', 'used']",16053,according to the reddit adft page they are but only when no accents are used
759,"['kid', 'screwed', 'translation', 'screwed', 'want', 'fall', 'guy']",16241, >my kid screwed up translation >i screwed up and want a fall guy
760,[],16341,‚≠êÔ∏è
761,[],16430,both
762,"['son', 'daughter']",16462,the son is the daughter is 
763,"['laughed', 'hard']",16485,i laughed so hard üòÇüòÇüòÇ
764,[],16493, 
765,[],16949,same 
766,"['literally', 'crying', 'tears', 'happiness', 'xmas', 'dayopening', 'cup', 'cup']",16965,or literally crying tears of happiness xmas dayopening a cup a cup
767,"['buried', 'bird', 'died', 'dad', 'house', 'gotten', 'divorced', 'told', 'could', 'dig', 'wanted', 'laughed', 'walked', 'away', 'joke']",17027,same she buried it with my bird when she died when i was at my dad‚Äôs house when i was they had just gotten divorced she told me i could dig it up if i wanted to then laughed and walked away no joke 
768,"['patio', 'chilli', 'friend']",17066,i‚Äôll be up on the patio with chilli and her friend üòÇüòÇüòÇüçπ
769,[],17359,this 
770,['yikes'],17371,yikes 
771,[],17583, 
772,"['would', 'say', 'maybe', 'stimuli', 'giving', 'excess', 'dopamine', 'brain', 'may', 'producing', 'simplicity', 'would', 'experiment', 'see', 'kinds', 'different', 'stimuli', 'encourage', 'biggest', 'thing', 'remember', 'remain', 'absolutely', 'compassionate', 'towards', 'possibly', 'experience', 'valid', 'inherently', 'human']",17610,i would say that maybe all the stimuli is giving them the excess dopamine their brain may not be producing with simplicity i would experiment and see what kinds of different stimuli you can encourage them to have the biggest thing to remember is to remain as absolutely compassionate towards them as you possibly can be their experience is valid and is inherently human 
773,"['read', 'next', 'two', 'sentences', 'carefully', 'screens', 'especially', 'smart', 'phones', 'dopamine', 'punching', 'addiction', 'adolescent', 'brains', 'freshly', 'hardwired', 'life', 'based', 'current', 'experiences', 'devastating', 'everyone', 'letting', 'kids', 'smartphones', 'young', 'brains', 'literally', 'hardwired', 'dependent', 'dopamine', 'hits', 'coming', 'smartphones', 'wonder', 'depression', 'rise', 'function', 'without', 'unnatural', 'hits', 'git', 'brains', 'literally', 'forming', 'around', 'expectation', 'smartphone', 'around', 'actually', 'far', 'worse', 'older', 'adult', 'addiction', 'smartphone', 'us', 'middle', 'aged', 'people', 'made', 'brain', 'formative', 'years', 'without', 'smartphones', 'means', 'need', 'deeply', 'ingrained', 'hardwired', 'youth', 'addiction', 'actually', 'sinister', 'shit', 'kids', 'mental', 'health', 'crippled', 'addiction', 'nuts']",17662,read the next two sentences carefully screens especially smart phones are a dopamine punching addiction adolescent brains are being freshly hardwired for life based on their current experiences do you get why it's so devastating that everyone's letting their kids have smartphones so young their brains are literally being hardwired to be dependent on the dopamine hits coming from those smartphones no wonder depression is on the rise they can't function without the unnatural hits they git because their brains are literally forming around the expectation of having that smartphone around it's actually far worse than an older adult's addiction to their smartphone because us middle aged people made it through the brain formative years without smartphones which means that our need isn't as deeply ingrained or hardwired as the youth's addiction is this is actually some very sinister shit kids having their mental health crippled by this addiction it's nuts 
774,['exactly'],17844,exactly 
775,[],17883,this
776,[],17895,ü§≠üòÇ
777,"['article', 'free', 'robux', 'human', 'verfication', 'stupid', 'stuff']",18202,an article on how to get free robux no human verfication stupid stuff 
778,[],18435,ü§£ü§£ü§£
779,[],18441,ü§£ü§£ü§£
780,['ipad'],18473,no more ipad for a while 
781,"['listening', 'stop']",18539,listening to her stop that 
782,"['untreated', 'adhd', 'curiosity']",18547,does she have untreated adhd out of curiosity 
783,"['untreated', 'adhd', 'curiosity']",18548,does she have untreated adhd out of curiosity 
784,[],18569,_consequences_++ 
785,"['stop', 'sexualizing', 'everything', 'fuck', 'wrong', 'world', 'slang', 'hoooyeahhh', 'often', 'used', 'express', 'enthusiasm', 'excitement', 'approval', 'origin', 'specific', 'vary', 'depending', 'context', 'commonly', 'associated', 'energetic', 'reactions', 'something', 'positive', 'enjoyable', 'term', 'fixed', 'etymology', 'may', 'emerged', 'organically', 'online', 'communities', 'pop', 'culture', 'chatgpt', 'tiktok', 'vine', 'link', 'origin', 'fuck', 'wrong', 'people']",18648,no it‚Äôs not stop sexualizing everything the fuck is wrong with this world ‚Äúthe slang hoooyeahhh is often used to express enthusiasm excitement or approval its origin is not specific and can vary depending on context but it's commonly associated with energetic reactions to something positive or enjoyable the term doesn't have a fixed etymology and may have emerged organically in online communities or pop culture ‚Äù chatgpt tiktok vine link of origin the fuck is wrong with people
786,"['else', 'would', 'guys', 'noise', 'high', 'pitched', 'tone', 'even', 'directly', 'sexual', 'mean', 'undertones']",18655,why else would the guys that do the noise do it in a high pitched tone even if it's not directly sexual doesn't mean the undertones are not 
787,"['army', 'would', 'great']",18815,army but this would be great 
788,['yes'],18860,yes
789,"['dude', 'human', 'give', 'break']",18889,dude he‚Äôs human give him a break
790,['seriously'],18914,seriously 
791,['yes'],19027,yes 
792,"['know', 'mean', 'shut', 'fuck', 'hilarious', 'reading', 'want', 'fuck']",19035,i know you mean shut the fuck up but that's hilarious reading you just want him to fuck up 
793,['yeeeessssssss'],19046,yeeeessssssss
794,"['yes', 'yes']",19059,yes yes i do 
795,['yes'],19076,yes
796,"['oh', 'holy', 'crap', 'yes']",19106,oh holy crap yes 
797,['lmao'],19111,lmao no 
798,[],19153,üòÇ
799,"['yeeeeesss', 'bro']",19172,yeeeeesss bro
800,"['melatonin', 'gummy', 'ftw']",19183,melatonin gummy‚Äòs ftw 
801,['yes'],19187,yes
802,"['book', 'hilarious']",19209,i have that book and it is hilarious 
803,"['audiobook', 'narrated', 'samuel', 'jackson', 'really', 'funny']",19213,the audiobook of this is narrated by samuel l jackson and it‚Äôs really funny 
804,['mama'],19245,same here mama üòÇü§¶üèº‚Äç‚ôÄÔ∏è
805,"['son', 'opposite', 'hit', 'cannot', 'stop', 'talking', 'almost', 'nonstop', 'talker', 'lmao']",19290,my son was the opposite he hit and cannot stop talking he is almost and he is a nonstop talker lmao
806,"['adorable', 'actually']",19344,that‚Äôs adorable actually üíú
807,"['mastermind', 'level', 'hilarious']",19349,that is mastermind level and hilarious üòÇ he
808,['bluey'],19380,bluey
809,"['masha', 'bear']",19388,masha and the bear
810,"['ross', 'marshall']",19553,or ross or marshall‚Äôs 
811,"['guy', 'dr', 'seusses']",19568,this guy dr seusses
812,"['care', 'elaborate']",19587,care to elaborate 
813,"['sneaker', 'head', 'one', 'dumbest', 'first', 'world', 'disease', 'hobbies', 'imaginable', 'yes', 'judgy']",19596,‚Äòsneaker head‚Äô is one of the dumbest first world disease hobbies imaginable yes i‚Äôm judgy
814,['ebay'],19631,and ebay 
815,['adorable'],19673,that's so adorable 
816,['walmart'],19681,this but at walmart ü§¢
817,"['went', 'phase', 'couple', 'years', 'ago', 'pure', 'torture', 'theres', 'new', 'kind', 'torture', 'called', 'lankybox', 'bts']",19787,we went through that phase a couple years ago it was pure torture now at theres a new kind of torture it's called lankybox and bts 
818,['hilarious'],19864,hilarious üòÇ
819,['yes'],19962,yes r leopardsatemyface
820,['phase'],19996,it‚Äôs a phase 
821,"['thing', 'preteen', 'turned', 'said', 'something', 'along', 'lines', 'double', 'digits', 'wait', 'till', 'middle', 'school', 'holy', 'hell', 'two', 'years', 'later', 'regretting', 'life', 'trying', 'survive', 'phase', 'regular', 'line', 'middle', 'schooler', 'middle', 'schoolers', 'accompanying', 'eye', 'rolls', 'lip', 'smacks', 'gum', 'pops', 'attitude', 'muster']",20009,same thing with my preteen when she turned she said something along the lines of 'so i'm double digits now just wait till i get to middle school ' and holy hell here i am two years later regretting life trying to survive the phase a regular line of hers is i'm a middle schooler that's what middle schoolers do with all of the accompanying eye rolls lip smacks gum pops and attitude she can muster 
822,[],20030,no 
823,['ew'],20145,ew 
824,[],20184,i did that when i was 
825,"['hard', 'work', 'chatgpt', 'say', 'something', 'victorian', 'nun', 'would', 'find', 'offensive', 'four', 'year', 'old', 'gory', 'imagination', 'chatgpt']",20212,it's hard work to get chatgpt to say something that a victorian nun would find offensive my four year old has a more gory imagination than chatgpt
826,"['experiances', 'escapes', 'rooms', 'fun', 'parks', 'zip', 'lining', 'luge', 'hill', 'mountain', 'biking', 'zorbing', 'kayaking', 'etc']",20261,experiances escapes rooms fun parks zip lining luge down hill mountain biking zorbing kayaking etc
827,['yes'],20360,yes 
828,['hello'],20429,me hello
829,[],20569,same
830,"['year', 'old', 'caught', 'fish', 'animal', 'crossing', 'stop', 'raving', 'like', 'world', 'shocked', 'wonderful']",20574,my year old just caught a fish in animal crossing and wouldn't stop raving about it and i was like how in the world i was shocked it's wonderful 
831,"['oh', 'cool', 'thanks', 'explaining', 'hope', 'pregnancy', 'breastfeeding', 'ok', 'remember', 'feeling', 'kinda', 'extra', 'womanly', 'boobs', 'getting', 'massive', 'times', 'imagine', 'might', 'stressful', 'trans', 'men', 'top', 'pregnant', 'stressful', 'anyway']",20615,oh cool thanks for explaining i hope pregnancy and breastfeeding were ok for you i remember feeling kinda extra womanly and my boobs getting massive during those times i imagine that might be stressful for trans men on top of just being pregnant which is stressful anyway 
832,"['lol', 'yeah', 'pp', 'coming', 'patriarchal', 'matriarchal', 'actual', 'sociological', 'anthropological', 'classifications', 'human', 'societies']",20618,lol yeah i get where the pp was coming from but patriarchal matriarchal are actual sociological anthropological classifications of human societies
833,"['like', 'one']",20674,i like this one 
834,[],20716,why 
835,"['regardless', 'experience', 'thats', 'science', 'says', 'modern', 'porn', 'ubiquitous', 'rewires', 'brains', 'suppresses', 'sexual', 'desire', 'function']",20750,regardless of your experience thats not what science says modern porn is more ubiquitous rewires brains and suppresses sexual desire and function [
836,"['cold', 'turkey']",20810,cold turkey 
837,"['would', 'watch', 'discord', 'carefully', 'planning', 'letting', 'one', 'discord', 'various', 'harry', 'potter', 'anime', 'groups', 'even', 'grown', 'adults', 'weirdos', 'coming', 'middle', 'drarry', 'vs', 'dramione', 'debate', 'suddenly', 'dick', 'pic', 'erection', 'straining', 'onesie', 'one', 'occasion', 'hermione', 'granger', 'giant', 'spider', 'porn']",20863,i would watch her discord carefully if you're planning on letting her have one i'm on discord various harry potter and anime groups and even we grown adults get weirdos coming in you'll be in the middle of a drarry vs dramione debate and then suddenly you'll get a dick pic an erection straining through a onesie or on one occasion some d hermione granger giant spider porn 
838,[],20987,me too üò¨
839,"['windows', 'mac']",21101,windows or mac 
840,['would'],21135,why would you do that
841,"['via', 'redstone', 'java']",21141,via redstone or java 
842,"['origins', 'impact', 'mama', 'jokes']",21265,what are the origins and impact of your mama jokes 
843,"['exactly', 'many', 'times', 'kids', 'absorb', 'older', 'siblings', 'maybe', 'internet', 'deez', 'nuts', 'funny', 'funniness', 'lies', 'inserting', 'randomly', 'unexpectedly', 'tricking', 'people', 'deez', 'nuts', 'like', 'knock', 'knock', 'joke', 'actually', 'know', 'means', 'dirty', 'funny', 'pretend', 'knowledgeable', 'know', 'means', 'actually', 'hilarious', 'phenomenon', 'knowledge', 'spreading', 'exactly', 'memes', 'called', 'memes', 'willing', 'bet', 'quite', 'lot', 'money', 'yo', 'clue', 'mom', 'sexual', 'probably', 'thinks', 'means', 'something', 'bad', 'mom', 'possibly', 'beat', 'mom', 'knows', 'something', 'rude', 'provocative', 'boy', 'replied', 'think', 'mom', 'sexy', 'boy', 'would', 'confused', 'horrified']",21268,exactly many times the kids just absorb from older siblings or maybe the internet that e g deez nuts and are funny the funniness lies in inserting these randomly and unexpectedly or tricking people with deez nuts like it's a knock knock joke and they don't actually know what it means other than it's dirty and funny and they all pretend that they are knowledgeable and know what it means it's actually hilarious the phenomenon of such knowledge spreading is exactly why memes are called memes i'm willing to bet quite a lot of money that the yo has no clue that do your mom is sexual he probably thinks it means do something bad to your mom or possibly beat your mom up he just knows it's something rude and provocative if the other boy replied you think my mom is sexy boy would be confused and horrified 
844,"['exactly', 'afraid']",21272,that is exactly what i‚Äôm afraid of 
845,"['haha', 'ok', 'two', 'guys', 'joe', 'tom', 'work', 'together', 'joe', 'notices', 'tom', 'constantly', 'sniffing', 'finger', 'muttering', 'ah', 'fifi', 'day', 'joe', 'hears', 'sniff', 'sniff', 'ah', 'fifi', 'sniff', 'sniff', 'ah', 'fifi', 'finally', 'joe', 'asks', 'tom', 'always', 'every', 'night', 'finger', 'wife', 'fifi', 'day', 'like', 'smell', 'finger', 'remind', 'tom', 'replies', 'fair', 'enough', 'weeks', 'later', 'tom', 'still', 'day', 'joe', 'hears', 'sniff', 'sniff', 'ah', 'fifi', 'sniff', 'sniff', 'ah', 'fifi', 'suddenly', 'tom', 'presses', 'nose', 'hand', 'starts', 'sniffing', 'sniffs', 'hand', 'wrist', 'whole', 'arm', 'way', 'elbow', 'ah', 'matilda', 'exclaims', 'tom', 'let', 'tell', 'kid', 'acted', 'whole', 'scene', 'lot', 'flourish', 'heard', 'better', 'jokes', 'life', 'always', 'seem', 'forget', 'punchline', 'somehow', 'joke', 'burned', 'brain', 'three', 'decades']",21282,haha ok so these two guys joe and tom work together joe notices that tom is constantly sniffing his finger and muttering 'ah fifi ' to himself all day joe hears \*sniff sniff\* 'ah fifi \*sniff sniff\* 'ah fifi ' so finally joe asks him tom why do you always do that ' 'every night i finger my wife fifi so all day i like to smell my finger to remind me of her ' tom replies fair enough weeks later tom is still at it all day joe hears \*sniff sniff\* 'ah fifi ' \*sniff sniff\* 'ah fifi ' then suddenly tom presses his nose to his hand and starts sniffing he sniffs his hand his wrist his whole arm all the way to the elbow \*sniiiiiiiiiiiiiiff\* 'ah matilda ' exclaims tom let me tell you this kid acted the whole scene out with a lot of flourish i've heard better jokes in my life and i always seem to forget them the punchline but somehow this joke has been burned into my brain for three decades 
846,[],21296,ü§£ü§£ü§£ü§£
847,[],21306,no
848,"['thank', 'waiting', 'joke', 'hit', 'realized', 'dirtiness', 'point']",21311,thank you i was waiting for the joke to hit then realized the dirtiness was the point 
849,"['scratch', 'jr', 'app', 'windows', 'tablet']",21392,scratch jr is app on windows or just a tablet
850,['apapdniluq'],21413, apapdniluq
851,"['smart', 'watch']",21414,or a smart watch 
852,"['exactly', 'thinking', 'convenience', 'easy']",21417,this is exactly what i was thinking too the convenience of it is too easy
853,['sarcastic'],21635,wasn‚Äôt being sarcastic üòÇ
854,"['appreciate', 'ask', 'pronouns', 'prefers', 'wait', 'discuss', 'also', 'whats', 'pflag']",21752,i appreciate this do i ask her what pronouns she prefers or just wait for her to discuss it with me again also whats pflag 
855,['awww'],21776,awww ü•∫
856,"['roblox', 'devil']",21778,roblox is the devil
857,['adorable'],21781,that‚Äôs adorable 
858,[],21974,this is it 
859,[],22057,why 
860,"['kids', 'like', 'silly', 'physics', 'games', 'like', 'human', 'fall', 'flat', 'totally', 'reliable', 'delivery', 'service']",22123,my kids like silly physics games like human fall flat and totally reliable delivery service
861,[],22201,and i‚Äôm doing this from now on
862,[],22222,we are not
863,['stop'],22239,no don‚Äôt stop it
864,"['animal', 'crossing', 'subnautica', 'ori', 'blind', 'forest']",22335,animal crossing subnautica ori and the blind forest 
865,"['wife', 'asshole']",22364,your wife is being an asshole
866,"['fair', 'enough']",22497,fair enough 
867,[],22533,a
868,[],22622,no now what 
869,['harsh'],22632,that‚Äôs *very* harsh 
870,[],22679, 
871,['unreasonable'],22705,not unreasonable at all 
872,[],22744,same 
873,"['bloody', 'caylass', 'im']",22831,that bloody caylass im with you 
874,[],22835,why not 
875,[],22880, 
876,[],22909,
